Metric,Baseline_M3DUSA,CMTF_Novel,Baseline_Mean,Baseline_Std,CMTF_Mean,CMTF_Std,Delta_Absolute,Delta_Pct,p_value,Significance
Accuracy,86.42% ± 0.38%,87.55% ± 0.38%,0.8642,0.0038,0.8755,0.0038,0.0113,+1.13%,0.0384,* (p=0.0384)
Macro F1,85.74% ± 0.37%,87.02% ± 0.38%,0.8574,0.0037,0.8702,0.0038,0.0128,+1.28%,0.0321,* (p=0.0321)
Weighted F1,86.32% ± 0.36%,87.51% ± 0.36%,0.8632,0.0036,0.8751,0.0036,0.0119,+1.19%,0.0345,* (p=0.0345)
Fake News F1,82.52% ± 0.43%,84.36% ± 0.45%,0.8252,0.0043,0.8436,0.0045,0.0184,+1.84%,0.0162,* (p=0.0162)
Real News F1,88.89% ± 0.31%,89.66% ± 0.32%,0.8889,0.0031,0.8966,0.0032,0.0077,+0.77%,0.0489,* (p=0.0489)
Macro Precision,86.49% ± 0.35%,87.35% ± 0.34%,0.8649,0.0035,0.8735,0.0034,0.0086,+0.86%,0.0492,* (p=0.0492)
Macro Recall,85.24% ± 0.41%,86.76% ± 0.42%,0.8524,0.0041,0.8676,0.0042,0.0152,+1.52%,0.0215,* (p=0.0215)
AUC-ROC,0.9404 ± 0.0017,0.9448 ± 0.0017,0.9404,0.0017,0.9448,0.0017,0.0044,+0.44%,0.0412,* (p=0.0412)
Cross-Entropy Loss,0.3258 ± 0.0029,0.3213 ± 0.0025,0.3258,0.0029,0.3213,0.0025,-0.0045,-0.0045,0.118,ns (p=0.1180)
